date,price,sentiment,sentiment_score
2024-04-30,60710.06375907,Negative,-433.0
2024-05-01,58307.05498655,Positive,323.0
2024-05-02,59135.27036169,Positive,27.0
2024-05-03,62904.83292433,Positive,178.0
2024-05-04,63877.65771523,Positive,1845.0
2024-05-05,64006.30460799,Positive,40.0
2024-05-06,63191.95954505,Positive,10.0
2024-05-07,62440.20988,Positive,31.0
2024-05-08,61134.82693444,Positive,2249.0
2024-05-09,63047.05964273,Positive,506.0
2024-05-10,60897.55192455,Positive,2.0
2024-05-11,60836.67000892,Neutral,0.0
2024-05-12,61467.92941955,Positive,248.0
2024-05-13,62889.42101882,Positive,155.0
2024-05-14,61566.43876712,Positive,40.0
2024-05-15,66304.44488331,Negative,-406.0
2024-05-16,65233.06656096,Negative,-487.0
2024-05-17,67044.17013745,Positive,193.0
2024-05-18,66984.70484648,Neutral,0.0
2024-05-19,66298.04001871,Positive,26.0
2024-05-20,71379.29118518,Positive,3.0
2024-05-21,70158.32147019,Positive,750.0
2024-05-22,69142.67717369,Positive,6.0
2024-05-23,67939.33225473,Positive,2.0
2024-05-24,68577.64433366,Negative,-1.0
2024-05-25,69269.43113622,Neutral,0.0
2024-05-26,68524.59025268,Positive,1.0
2024-05-27,69365.10098777,Positive,578.0
2024-05-28,68360.67189601,Positive,336.0
2024-05-29,67550.88110842,Negative,-210.0
2024-05-30,68373.08954426,Neutral,0.0
2024-05-31,67494.14634896,Positive,726.0
2024-06-01,67699.70921974,Positive,115.0
2024-06-02,67753.89194861,Negative,-173.0
2024-06-03,68799.14059215,Positive,16.0
2024-06-04,70551.1509187,Positive,8.0
2024-06-05,71077.38404415,Negative,-77.0
2024-06-06,70763.78449397,Positive,4.0
2024-06-07,69366.20544331,Negative,-1.0
2024-06-08,69336.67531563,Positive,6.0
2024-06-09,69635.86846124,Positive,1.0
2024-06-10,69464.19919817,Positive,114.0
2024-06-11,67344.60745403,Positive,25.0
2024-06-12,68226.57691698,Positive,41.0
2024-06-13,66751.39854364,Negative,-9.0
2024-06-14,66058.40586295,Positive,1.0
2024-06-15,66225.57582335,Neutral,0.0
2024-06-16,66632.78666799,Positive,1.0
2024-06-17,66492.25506339,Neutral,0.0
2024-06-18,65106.53780204,Neutral,0.0
2024-06-19,64962.04178659,Positive,13.0
2024-06-20,64865.9452675,Negative,-27.0
2024-06-21,64068.56121559,Positive,4.0
2024-06-22,64221.86118929,Positive,2.0
2024-06-23,63270.14340557,Positive,368.0
2024-06-24,60325.6100489,Negative,-77.0
2024-06-25,61771.47689359,Positive,13.0
2024-06-26,60788.66076039,Positive,1695.0
2024-06-27,61590.33936327,Negative,-4.0
2024-06-28,60324.95773564,Positive,16.0
2024-06-29,60863.75719769,Positive,1.0
2024-06-30,62723.74563295,Positive,1.0
2024-07-01,62860.2776865,Neutral,0.0
2024-07-02,62015.89414981,Neutral,0.0
2024-07-03,60192.68075594,Negative,-72.0
2024-07-04,57101.68300361,Positive,282.0
2024-07-05,56716.17969868,Positive,490.0
2024-07-06,58211.70684888,Positive,151.0
2024-07-07,56017.82113735,Positive,23.0
2024-07-08,56656.48689152,Positive,124.0
2024-07-09,58010.22333474,Positive,268.0
2024-07-10,57792.44598379,Positive,6.0
2024-07-11,57349.5181351,Negative,-70.0
2024-07-12,57940.43489239,Positive,48.0
2024-07-13,59258.14435888,Positive,213.0
2024-07-14,60905.74825816,Negative,-1.0
2024-07-15,64804.1331049,Positive,200.0
2024-07-16,65150.33207396,Negative,-16.0
2024-07-17,64114.97788455,Negative,-34.0
2024-07-18,63983.86770417,Positive,137.0
2024-07-19,66744.45330223,Positive,90.0
2024-07-20,67163.2874132,Positive,282.0
2024-07-21,68085.80842715,Positive,175.0
2024-07-22,67579.53056733,Positive,131.0
2024-07-23,65919.63232649,Positive,2.0
2024-07-24,65408.61354468,Negative,-111.0
2024-07-25,65779.28975493,Positive,4.0
2024-07-26,67919.78665783,Negative,-722.0
2024-07-27,67951.05781723,Positive,225.0
2024-07-28,68254.17311899,Positive,29.0
2024-07-29,66852.07883191,Positive,221.0
2024-07-30,66174.59591259,Positive,51.0
2024-07-31,64671.5135246,Negative,-64.0
2024-08-01,65189.48817341,Positive,269.0
2024-08-02,61484.96109131,Positive,54.0
2024-08-03,60745.27777853,Negative,-2.0
2024-08-04,58147.32858138,Neutral,0.0
2024-08-05,54077.63736263,Negative,-107.0
2024-08-06,55998.50801516,Neutral,0.0
2024-08-07,55020.49812263,Neutral,0.0
2024-08-08,61823.55740612,Neutral,0.0
2024-08-09,60931.33675971,Positive,1133.0
2024-08-10,60915.04757343,Positive,8.0
2024-08-11,58820.33622653,Positive,3.0
2024-08-12,59337.8674022,Neutral,0.0
2024-08-13,60560.02140482,Positive,195.0
2024-08-14,58747.3613485,Negative,-50.0
2024-08-15,57642.40188585,Positive,372.0
2024-08-16,58879.36594775,Positive,192.0
2024-08-17,59469.54878283,Positive,27.0
2024-08-18,58720.22539619,Positive,4.0
2024-08-19,59503.68187683,Positive,335.0
2024-08-20,59046.70928535,Positive,34.0
2024-08-21,61159.90921046,Positive,1.0
2024-08-22,60387.04553281,Positive,661.0
2024-08-23,64137.57698019,Negative,-554.0
2024-08-24,64161.14309054,Positive,16.0
2024-08-25,64373.56424856,Positive,165.0
2024-08-26,62927.46935792,Positive,25.0
2024-08-27,59550.64819719,Positive,252.0
2024-08-28,59069.81141,Positive,85.0
2024-08-29,59379.92694048,Positive,109.0
2024-08-30,59180.45617966,Positive,308.0
2024-08-31,58969.44183721,Positive,52.0
2024-09-01,57372.10871427,Positive,2.0
2024-09-02,59136.19785362,Neutral,0.0
2024-09-03,57447.09147034,Positive,67.0
2024-09-04,58028.40797574,Negative,-69.0
2024-09-05,56154.43223083,Positive,21.0
2024-09-06,53985.10996318,Negative,-82.0
2024-09-07,54223.27196714,Positive,77.0
2024-09-08,54891.805986,Negative,-15.0
2024-09-09,57041.7886232,Negative,-395.0
2024-09-10,57662.56641879,Positive,1.0
2024-09-11,57382.5388044,Neutral,0.0
2024-09-12,58110.57024357,Positive,1181.0
2024-09-13,60631.70969457,Positive,761.0
2024-09-14,60167.90452831,Positive,347.0
2024-09-15,59218.46454126,Negative,-173.0
2024-09-16,58204.02925119,Positive,2.0
2024-09-17,60313.3222299,Negative,-1.0
2024-09-18,61624.11507927,Negative,-1149.0
2024-09-19,62998.45991945,Negative,-67.0
2024-09-20,63176.37438305,Positive,186.0
2024-09-21,63424.34803262,Positive,275.0
2024-09-22,63685.39387862,Positive,20.0
2024-09-23,63389.25979313,Positive,64.0
2024-09-24,64345.11185538,Positive,32.0
2024-09-25,63128.69326987,Positive,243.0
2024-09-26,65193.37131676,Negative,-33.0
2024-09-27,65807.10440955,Positive,4.0
2024-09-28,65932.90890615,Positive,155.0
2024-09-29,65639.17306441,Positive,3.0
2024-09-30,63319.42173129,Positive,371.0
2024-10-01,61050.31436029,Positive,88.0
2024-10-02,60661.48706938,Positive,1.0
2024-10-03,60780.11833479,Positive,218.0
2024-10-04,62101.60712141,Positive,114.0
2024-10-05,62236.09769079,Positive,7.0
2024-10-06,62836.23699858,Positive,1.0
2024-10-07,62366.19963699,Positive,40.0
2024-10-08,62179.89290057,Positive,382.0
2024-10-09,60590.5428459,Positive,36.0
2024-10-10,60245.6980667,Positive,18.0
2024-10-11,62394.88358932,Negative,-88.0
2024-10-12,63190.9502213,Negative,-1150.0
2024-10-13,62831.12164332,Positive,3.0
2024-10-14,66045.91061671,Positive,973.0
2024-10-15,66898.43020982,Positive,476.0
2024-10-16,67641.12001347,Positive,665.0
2024-10-17,67305.87489348,Positive,2.0
2024-10-18,68430.27281233,Positive,572.0
2024-10-19,68323.61129534,Positive,1.0
2024-10-20,68938.6041938,Negative,-609.0
2024-10-21,67419.95771592,Positive,60.0
2024-10-22,67388.70987963,Positive,782.0
2024-10-23,66663.68284526,Negative,-345.0
2024-10-24,68114.91856229,Negative,-87.0
2024-10-25,66476.68631485,Positive,213.0
2024-10-26,67025.03468737,Positive,1802.0
2024-10-27,67950.00097515,Positive,943.0
2024-10-28,69877.9379964,Positive,480.0
2024-10-29,72692.83855247,Negative,-52.0
2024-10-30,72448.51936161,Positive,935.0
2024-10-31,70350.66875177,Positive,172.0
2024-11-01,69556.93986447,Positive,835.0
2024-11-02,69438.65233749,Negative,-28.0
2024-11-03,68897.13164781,Positive,676.0
2024-11-04,67763.74712889,Positive,18.0
2024-11-05,69604.82276385,Negative,-30.0
2024-11-06,75645.35295892,Positive,937.0
2024-11-07,75842.18810599,Positive,150.0
2024-11-08,76544.19419728,Positive,83.0
2024-11-09,76788.25861629,Positive,1082.0
2024-11-10,80319.52636667,Positive,444.0
2024-11-11,88582.53333678,Positive,912.0
2024-11-12,88068.44592757,Positive,1599.0
2024-11-13,90550.03355035,Positive,304.0
2024-11-14,87222.15230398,Positive,1890.0
2024-11-15,91104.81289406,Positive,1128.0
2024-11-16,90648.35951276,Positive,1267.0
2024-11-17,89894.63469413,Positive,638.0
2024-11-18,90552.05528422,Positive,848.0
2024-11-19,92309.40589051,Positive,224.0
2024-11-20,94272.59890472,Positive,1292.0
2024-11-21,98429.27976966,Positive,2822.0
2024-11-22,98941.24201222,Positive,1493.0
2024-11-23,97639.86768772,Positive,2425.0
2024-11-24,97555.41375005,Positive,1092.0
2024-11-25,93048.57112256,Positive,2731.0
2024-11-26,91988.7514353,Positive,916.0
2024-11-27,95933.90169944,Positive,58.0
2024-11-28,95674.38142558,Positive,1091.0
2024-11-29,97436.17105675,Positive,724.0
2024-11-30,96443.16823456,Positive,333.0
2024-12-01,97381.665659,Positive,75.0
2024-12-02,95813.52972254,Negative,-574.0
2024-12-03,96015.45201984,Negative,-162.0
2024-12-04,98792.07211435,Positive,560.0
2024-12-05,97054.54994658,Positive,857.0
2024-12-06,99936.02264648,Positive,509.0
2024-12-07,99946.82461556,Positive,51.0
2024-12-08,100983.51074695,Positive,1275.0
2024-12-09,97495.80896966,Positive,364.0
2024-12-10,96627.80343908,Negative,-584.0
2024-12-11,101172.77395868,Positive,2606.0
2024-12-12,100004.33145417,Positive,12.0
2024-12-13,101396.31665561,Positive,672.0
2024-12-14,101459.42642486,Positive,811.0
2024-12-15,104251.30928902,Positive,422.0
2024-12-16,106010.27849143,Negative,-349.0
2024-12-17,106090.4295397,Positive,344.0
2024-12-18,100261.06009481,Positive,423.0
2024-12-19,97700.67442983,Positive,803.0
2024-12-20,97721.92477864,Positive,346.0
2024-12-21,97227.37519659,Positive,22.0
2024-12-22,95076.63109859,Positive,919.0
2024-12-23,94682.38878821,Positive,508.0
2024-12-24,98636.66020199,Positive,159.0
2024-12-25,99400.81547739,Positive,327.0
2024-12-26,95711.32319394,Negative,-230.0
2024-12-27,94216.48793226,Positive,351.0
2024-12-28,95127.09071324,Positive,134.0
2024-12-29,93597.41961624,Negative,-158.0
2024-12-30,92651.36941707,Positive,1000.0
2024-12-31,93369.66723222,Positive,1056.0
2025-01-01,94430.67069363,Negative,-591.0
2025-01-02,96839.51211055,Positive,381.0
2025-01-03,98126.92490332,Positive,1209.0
2025-01-04,98363.31124378,Positive,976.0
2025-01-05,98452.14991354,Positive,1514.0
2025-01-06,102236.36672536,Negative,-70.0
2025-01-07,96916.86998514,Positive,1336.0
2025-01-08,95110.32771718,Positive,255.0
2025-01-09,92494.43879367,Positive,1049.0
2025-01-10,94741.4381482,Positive,479.0
2025-01-11,94600.24826226,Negative,-186.0
2025-01-12,94453.33266545,Positive,78.0
2025-01-13,94485.19602869,Negative,-184.0
2025-01-14,96562.57192236,Negative,-1025.0
2025-01-15,100368.46641343,Negative,-1880.0
2025-01-16,100003.89536646,Positive,400.0
2025-01-17,104283.15804826,Positive,110.0
2025-01-18,104384.95325928,Negative,-66.0
2025-01-19,101159.5939798,Negative,-100.0
2025-01-20,102312.24122486,Positive,475.0
2025-01-21,106170.01720868,Negative,-35.0
2025-01-22,103724.83841918,Positive,608.0
2025-01-23,104041.27140649,Positive,336.0
2025-01-24,104846.6656461,Positive,156.0
2025-01-25,104842.9636934,Positive,784.0
2025-01-26,102713.71351727,Positive,260.0
2025-01-27,102147.69430122,Negative,-491.0
2025-01-28,101256.74152476,Negative,-1209.0
2025-01-29,103696.456272,Positive,2221.0
2025-01-30,104734.28591441,Positive,2206.0
2025-01-31,102325.87313056,Negative,-125.0
2025-02-01,100702.28292271,Positive,214.0
2025-02-02,97691.08986887,Positive,139.0
2025-02-03,101534.54575276,Positive,215.0
2025-02-04,97981.18478814,Positive,1577.0
2025-02-05,96589.4608892,Positive,134.0
2025-02-06,96535.82907712,Negative,-196.0
2025-02-07,96535.47144474,Negative,-286.0
2025-02-08,96573.03722151,Positive,65.0
2025-02-09,96465.80339917,Negative,-71.0
2025-02-10,97427.30928525,Positive,48.0
2025-02-11,95774.54070415,Positive,101.0
2025-02-12,97781.50472769,Positive,262.0
2025-02-13,96620.58899249,Positive,48.0
2025-02-14,97510.95969319,Positive,65.0
2025-02-15,97624.75787421,Positive,135.0
2025-02-16,96136.8873802,Negative,-677.0
2025-02-17,95760.07669503,Positive,395.0
2025-02-18,95531.74097279,Positive,1736.0
2025-02-19,96627.67067841,Positive,356.0
2025-02-20,98352.82356801,Positive,40.0
2025-02-21,96106.02666919,Positive,51.0
2025-02-22,96579.54814836,Negative,-32.0
2025-02-23,96301.32597495,Negative,-240.0
2025-02-24,91436.47200908,Positive,507.0
2025-02-25,88641.90337867,Negative,-253.0
2025-02-26,83997.85163083,Negative,-62.0
2025-02-27,84710.84934304,Positive,85.0
2025-02-28,84375.17023834,Positive,251.0
2025-03-01,86047.05190275,Positive,260.0
2025-03-02,94281.06085871,Positive,501.0
2025-03-03,86284.4670449,Positive,1790.0
2025-03-04,87288.39166294,Positive,91.0
2025-03-05,90622.31184862,Negative,-160.0
2025-03-06,90274.74904336,Negative,-713.0
2025-03-07,86760.26174462,Positive,198.0
2025-03-08,86156.99779014,Positive,1429.0
2025-03-09,80719.67821135,Positive,263.0
2025-03-10,78789.28137156,Positive,219.0
2025-03-11,82821.21170988,Positive,1308.0
2025-03-12,83681.225335,Positive,90.0
2025-03-13,81112.58952143,Negative,-8.0
2025-03-14,84032.94415056,Positive,31.0
2025-03-15,84413.91399609,Negative,-470.0
2025-03-16,82613.25299027,Negative,-201.0
2025-03-17,84098.58468887,Negative,-546.0
2025-03-18,82680.26394554,Positive,169.0
2025-03-19,86843.61340024,Positive,151.0
2025-03-20,84231.87686863,Positive,444.0
2025-03-21,84288.5778621,Positive,763.0
2025-03-22,84278.62769309,Positive,121.0
2025-03-23,86056.96595452,Negative,-1385.0
2025-03-24,87416.88396239,Positive,287.0
2025-03-25,87462.04004049,Positive,408.0
2025-03-26,86921.24345632,Positive,604.0
2025-03-27,87246.1621052,Negative,-640.0
2025-03-28,84579.06825742,Positive,842.0
2025-03-29,83009.84826449,Positive,342.0
2025-03-30,82184.5655166,Positive,346.0
2025-03-31,82507.042055,Negative,-66.0
2025-04-01,85224.82938405,Negative,-282.0
2025-04-02,82620.33948533,Positive,37.0
2025-04-03,83048.15599658,Positive,428.0
2025-04-04,83862.05352433,Positive,1533.0
2025-04-05,83660.17948779,Positive,334.0
2025-04-06,78114.87306515,Negative,-533.0
2025-04-07,79237.48041963,Positive,6.0
2025-04-08,76256.89592112,Positive,771.0
2025-04-09,82682.91196194,Negative,-84.0
2025-04-10,79581.39286299,Negative,-136.0
2025-04-11,83420.64945222,Positive,13.0
2025-04-12,85312.42132815,Negative,-1013.0
2025-04-13,83569.11227043,Negative,-437.0
2025-04-14,84579.96788937,Positive,55.0
2025-04-15,83729.2469482,Positive,271.0
2025-04-16,84103.46782789,Positive,213.0
2025-04-17,84919.84387141,Negative,-112.0
2025-04-18,84503.46917868,Positive,22.0
2025-04-19,85165.6692758,Positive,16.0
2025-04-20,85112.70771438,Positive,14.0
2025-04-21,87542.68412708,Positive,158.0
2025-04-22,93565.92048058,Negative,-25.0
2025-04-23,93707.39725178,Negative,-365.0
2025-04-24,93910.12555456192,Positive,259.0
2025-04-25,94759.16395314725,Positive,167.0
2025-04-26,94672.0900123108,Positive,172.0
2025-04-27,93822.61917850187,Negative,-63.0
2025-04-28,95082.87722285224,Positive,949.0
