Headline,Sentiment
"Bitcoin Surges Past $100,000, Experts Predict Further Gains",Positive
"Ethereum ETF Approval Sparks Massive Market Rally",Positive
"Cryptocurrency Market Crashes as Regulatory Fears Mount",Negative
"Ripple Faces $2 Billion Fine in SEC Lawsuit",Negative
"Cardano's New Upgrade Boosts Transaction Speeds by 50%",Positive
"Binance Halts Withdrawals Amid Security Breach Concerns",Negative
"Dogecoin Soars After Celebrity Endorsement on Social Media",Positive
"China Bans Crypto Trading, Markets Plummet Overnight",Negative
"Solana's DeFi Ecosystem Attracts $10 Billion in Investments",Positive
"Bitcoin Mining Faces Backlash Over Environmental Impact",Negative
"New Stablecoin Regulations Threaten Crypto Innovation",Negative
"Ethereum's Merge to Proof-of-Stake Slashes Energy Use",Positive
"Crypto Exchange FTX Files for Bankruptcy Protection",Negative
"Polkadot's Cross-Chain Tech Gains Traction in DeFi",Positive
"IRS Cracks Down on Crypto Tax Evasion, Fines Surge",Negative
"Bitcoin ETF Launch Draws Record $5 Billion in First Week",Positive
"Hackers Steal $600 Million in Crypto from DeFi Protocol",Negative
"Chainlink's Oracle Network Powers New Smart Contracts",Positive
"SEC Delays Bitcoin ETF Decision, Markets Drop 10%",Negative
"XRP Gains 30% After Favorable Court Ruling",Positive
"Crypto Market Stabilizes After Volatile Week",Neutral
"Bitcoin Holds Steady at $90,000 Amid Global Uncertainty",Neutral
"Ethereum's Layer-2 Solutions Gain Mainstream Adoption",Positive
"Binance Faces $1 Billion Lawsuit Over Market Manipulation",Negative
"Cardano Partners with African Governments for Blockchain Solutions",Positive
"Crypto Scams Cost Investors $3 Billion in 2025",Negative
"Solana's NFT Marketplace Hits $1 Billion in Trading Volume",Positive
"Regulatory Uncertainty Looms Over Crypto Markets",Negative
"Bitcoin's Lightning Network Sees Record Transaction Volume",Positive
"FTX Collapse Triggers $200 Billion Market Sell-Off",Negative
"Polkadot's Parachain Auctions Attract Global Developers",Positive
"Crypto Exchanges Face New KYC Compliance Rules",Negative
"Ethereum's Staking Rewards Hit All-Time High",Positive
"Bitcoin Mining Council Reports 60% Renewable Energy Use",Positive
"SEC Rejects Ripple's Settlement Offer, Case Drags On",Negative
"Dogecoin's Price Surges After Major Exchange Listing",Positive
"China's Crypto Ban Sparks Debate on Decentralization",Negative
"Solana Outperforms Ethereum in Transaction Speed",Positive
"Crypto Market Faces $500 Million Liquidation Event",Negative
"Cardano's Smart Contracts Gain Traction in DeFi",Positive
"Binance Resumes Operations After Security Upgrade",Neutral
"Bitcoin's Price Consolidates Around $95,000",Neutral
"Ethereum's Gas Fees Drop to Lowest in Years",Positive
"FTX Creditors to Recover Only 10% of Losses",Negative
"Polkadot's Governance Model Draws Institutional Interest",Positive
"Crypto Market Awaits Federal Reserve Rate Decision",Neutral
"XRP's Price Stabilizes After Regulatory Clarity",Neutral
"Bitcoin's Market Cap Surpasses $2 Trillion",Positive
"Hackers Exploit DeFi Protocol, Steal $400 Million",Negative
"Solana's Mobile Blockchain Phone Sells Out in Hours",Positive
"SEC Tightens Rules on Crypto Custody Services",Negative
"Ethereum's Layer-2 Rollups Reduce Costs by 90%",Positive
"Binance Launches $1 Billion Crypto Recovery Fund",Positive
"Bitcoin Faces Resistance at $100,000 Milestone",Neutral
"Cardano's Ecosystem Grows with 1,000 New Projects",Positive
"Crypto Market Braces for New EU Regulations",Negative
"Polkadot's Interoperability Drives DeFi Innovation",Positive
"FTX's Liquidation Plan Faces Investor Backlash",Negative
"Bitcoin's Adoption Grows in Emerging Markets",Positive
"Ethereum's Upgrade Delays Spark Community Debate",Negative
"Solana's Staking Yields Attract Institutional Investors",Positive
"SEC's Crypto Crackdown Targets Small Exchanges",Negative
"Dogecoin's Community Raises $1 Million for Charity",Positive
"Bitcoin's Price Dips Amid Global Economic Slowdown",Negative
"Cardano's Hydra Scaling Solution Nears Launch",Positive
"Binance's Stablecoin Faces Regulatory Scrutiny",Negative
"Ethereum's DeFi Protocols Hit $500 Billion in Value",Positive
"Crypto Market Sees $1 Trillion in Trading Volume",Neutral
"XRP's Cross-Border Payments Gain Bank Adoption",Positive
"Bitcoin Mining Stocks Plummet After Energy Tax Hike",Negative
"Solana's Web3 Gaming Platform Draws Major Studios",Positive
"SEC Probes Crypto Influencers for Market Manipulation",Negative
"Polkadot's Ecosystem Expands with New Parachains",Positive
"Crypto Exchanges Report Record User Sign-Ups",Positive
"Bitcoin's Volatility Drops to Lowest in Decade",Neutral
"Ethereum's NFT Market Surpasses $50 Billion",Positive
"FTX's Recovery Plan Faces Legal Challenges",Negative
"Cardano's Decentralized Governance Gains Support",Positive
"Binance Settles $500 Million Fine with Regulators",Neutral
"Solana's DeFi Growth Outpaces Rivals",Positive
"Bitcoin's Price Holds Firm Amid Stock Market Crash",Positive
"Crypto Market Faces New Anti-Money Laundering Rules",Negative
"Ethereum's Developers Announce Major Upgrade Timeline",Positive
"XRP's Legal Battle Nears Resolution, Price Surges",Positive
"Polkadot's Cross-Chain Bridges Boost Liquidity",Positive
"SEC's Crypto Rules Spark Industry Pushback",Negative
"Bitcoin's Taproot Upgrade Enhances Privacy Features",Positive
"Binance's Token Burn Reduces Supply by 10%",Positive
"Cardano's Education Initiatives Expand in Africa",Positive
"Solana's Outage Sparks Reliability Concerns",Negative
"Ethereum's Merge Anniversary Boosts Sentiment",Positive
"Crypto Market Awaits Key Inflation Data",Neutral
"Bitcoin's Institutional Adoption Hits Record High",Positive
"FTX's Asset Sales Trigger Market Volatility",Negative
"Polkadot's Developer Community Grows by 50%",Positive
"SEC Delays Crypto Custody Rule Implementation",Neutral
"Solana's NFT Sales Break $2 Billion Record",Positive
"Bitcoin's Hashrate Reaches All-Time High",Positive
"Ethereum's Layer-2 Adoption Reduces Congestion",Positive
"Crypto Market Sentiment Improves After Fed Signals",Neutral