Date,Price,Sentiment,Sentiment_Score,Action,Cash,Holdings,Short_Holdings,Portfolio_Value,Crypto_Return,Portfolio_Return
2024-05-01,58307.05498655,Negative,-433.0,Sell Short,10000.0,0.0,0.17150583239552664,0.0,-3.9581720455053766,-100.0
2024-05-02,59135.27036169,Positive,323.0,Close Short,9999.999999999998,0.0,0.0,9999.999999999998,-2.593957739246689,-1.8189894035458565e-14
2024-05-03,62904.83292433,Positive,27.0,Buy Long,0.0,0.15897029743373264,0.0,9999.999999999998,3.615165310927727,-1.8189894035458565e-14
2024-05-04,63877.65771523,Positive,178.0,Hold,0.0,0.15897029743373264,0.0,10154.65024636028,5.217576395127354,1.546502463602792
2024-05-05,64006.30460799,Positive,1845.0,Hold,0.0,0.15897029743373264,0.0,10175.101281166262,5.429480130347497,1.7510128116626218
2024-05-06,63191.95954505,Positive,40.0,Hold,0.0,0.15897029743373264,0.0,10045.644604296998,4.088112632906283,0.456446042969983
2024-05-07,62440.20988,Positive,10.0,Hold,0.0,0.15897029743373264,0.0,9926.138736448293,2.849850607629319,-0.7386126355170745
2024-05-08,61134.82693444,Positive,31.0,Hold,0.0,0.15897029743373264,0.0,9718.621621327697,0.6996585888225909,-2.8137837867230338
2024-05-09,63047.05964273,Positive,2249.0,Hold,0.0,0.15897029743373264,0.0,10022.609823727069,3.8494373732408644,0.22609823727068942
2024-05-10,60897.55192455,Positive,506.0,Hold,0.0,0.15897029743373264,0.0,9680.901942431892,0.3088255123961951,-3.190980575681078
2024-05-11,60836.67000892,Positive,2.0,Hold,0.0,0.15897029743373264,0.0,9671.223526195856,0.20854244257170365,-3.287764738041442
2024-05-12,61467.92941955,Neutral,0.0,Hold,0.0,0.15897029743373264,0.0,9771.575022461548,1.248336130048577,-2.2842497753845237
2024-05-13,62889.42101882,Positive,248.0,Hold,0.0,0.15897029743373264,0.0,9997.549964797054,3.589779230670647,-0.024500352029463105
2024-05-14,61566.43876712,Positive,155.0,Hold,0.0,0.15897029743373264,0.0,9787.235082744755,1.410598103550932,-2.1276491725524465
2024-05-15,66304.44488331,Positive,40.0,Hold,0.0,0.15897029743373264,0.0,10540.437324278324,9.21491558045714,5.40437324278324
2024-05-16,65233.06656096,Negative,-406.0,Sell Long,10370.11999371029,0.0,0.0,10370.11999371029,7.450169744244861,3.701199937102902
2024-05-17,67044.17013745,Negative,-487.0,Sell Short,10370.11999371029,0.0,0.15467593934640525,0.0,10.433371316355586,-100.0
2024-05-18,66984.70484648,Positive,193.0,Close Short,10370.11999371029,0.0,0.0,10370.11999371029,10.335421672938997,3.701199937102902
2024-05-19,66298.04001871,Neutral,0.0,Hold,10370.11999371029,0.0,0.0,10370.11999371029,9.204365658082788,3.701199937102902
2024-05-20,71379.29118518,Positive,26.0,Buy Long,0.0,0.1452819133046164,0.0,10370.11999371029,17.574067239413885,3.701199937102902
2024-05-21,70158.32147019,Positive,3.0,Hold,0.0,0.1452819133046164,0.0,10192.735177429551,15.56291844563982,1.9273517742955117
2024-05-22,69142.67717369,Positive,750.0,Hold,0.0,0.1452819133046164,0.0,10045.180430797109,13.889976212321434,0.4518043079710879
2024-05-23,67939.33225473,Positive,6.0,Hold,0.0,0.1452819133046164,0.0,9870.356178605212,11.907858513128252,-1.2964382139478767
2024-05-24,68577.64433366,Positive,2.0,Hold,0.0,0.1452819133046164,0.0,9963.09137871761,12.95926916797975,-0.36908621282389503
2024-05-25,69269.43113622,Negative,-1.0,Sell Long,10063.595488992409,0.0,0.0,10063.595488992409,14.09876196328527,0.6359548899240871
2024-05-26,68524.59025268,Neutral,0.0,Hold,10063.595488992409,0.0,0.0,10063.595488992409,12.871879898894898,0.6359548899240871
2024-05-27,69365.10098777,Positive,1.0,Buy Long,0.0,0.1450815373391694,0.0,10063.595488992409,14.256346794573988,0.6359548899240871
2024-05-28,68360.67189601,Positive,578.0,Hold,0.0,0.1450815373391694,0.0,9917.871372211683,12.601877947784246,-0.8212862778831731
2024-05-29,67550.88110842,Positive,336.0,Hold,0.0,0.1450815373391694,0.0,9800.385679825029,11.268012131395581,-1.9961432017497098
2024-05-30,68373.08954426,Negative,-210.0,Sell Long,9919.67294370993,0.0,0.0,9919.67294370993,12.622331967235262,-0.8032705629007068
2024-05-31,67494.14634896,Neutral,0.0,Hold,9919.67294370993,0.0,0.0,9919.67294370993,11.174560146754034,-0.8032705629007068
2024-06-01,67699.70921974,Positive,726.0,Buy Long,0.0,0.14652460192277358,0.0,9919.67294370993,11.513157832297225,-0.8032705629007068
2024-06-02,67753.89194861,Positive,115.0,Hold,0.0,0.14652460192277358,0.0,9927.612046488695,11.602406180124738,-0.7238795351130466
2024-06-03,68799.14059215,Negative,-173.0,Sell Long,10080.766687893713,0.0,0.0,10080.766687893713,13.324111905370057,0.8076668789371251
2024-06-04,70551.1509187,Positive,16.0,Buy Long,0.0,0.14288592824673177,0.0,10080.766687893713,16.209976650139428,0.8076668789371251
2024-06-05,71077.38404415,Positive,8.0,Hold,0.0,0.14288592824673177,0.0,10155.957996497815,17.076773838062632,1.5595799649781474
2024-06-06,70763.78449397,Negative,-77.0,Sell Long,10111.149033672587,0.0,0.0,10111.149033672587,16.56022101178899,1.111490336725874
2024-06-07,69366.20544331,Positive,4.0,Buy Long,0.0,0.14576477074179864,0.0,10111.149033672587,14.258166024322094,1.111490336725874
2024-06-08,69336.67531563,Negative,-1.0,Sell Long,10106.844581381336,0.0,0.0,10106.844581381336,14.209524784548085,1.0684458138133595
2024-06-09,69635.86846124,Positive,6.0,Buy Long,0.0,0.14513848688491485,0.0,10106.844581381336,14.702347764931304,1.0684458138133595
2024-06-10,69464.19919817,Positive,1.0,Hold,0.0,0.14513848688491485,0.0,10081.92876429471,14.419578727245435,0.8192876429470926
2024-06-11,67344.60745403,Positive,114.0,Hold,0.0,0.14513848688491485,0.0,9774.294425736472,10.928243662021872,-2.2570557426352753
2024-06-12,68226.57691698,Positive,25.0,Hold,0.0,0.14513848688491485,0.0,9902.302139067737,12.38100026997097,-0.9769786093226321
2024-06-13,66751.39854364,Positive,41.0,Hold,0.0,0.14513848688491485,0.0,9688.196982075817,9.951125745058093,-3.118030179241832
2024-06-14,66058.40586295,Negative,-9.0,Sell Long,9587.617072978152,0.0,0.0,9587.617072978152,8.809646659415629,-4.123829270218485
2024-06-15,66225.57582335,Positive,1.0,Buy Long,0.0,0.14477212094844064,0.0,9587.617072978152,9.085004565583224,-4.123829270218485
2024-06-16,66632.78666799,Neutral,0.0,Hold,0.0,0.14477212094844064,0.0,9646.569850629892,9.755751422736989,-3.5343014937010775
2024-06-17,66492.25506339,Positive,1.0,Hold,0.0,0.14477212094844064,0.0,9626.22479217166,9.524271506725514,-3.7377520782833926
2024-06-18,65106.53780204,Neutral,0.0,Hold,0.0,0.14477212094844064,0.0,9425.611565211157,7.2417549426690835,-5.743884347888434
2024-06-19,64962.04178659,Neutral,0.0,Hold,0.0,0.14477212094844064,0.0,9404.692570585863,7.003744954698328,-5.95307429414137
2024-06-20,64865.9452675,Positive,13.0,Hold,0.0,0.14477212094844064,0.0,9390.780473701441,6.845457328002093,-6.092195262985587
2024-06-21,64068.56121559,Negative,-27.0,Sell Long,9275.341493295968,0.0,0.0,9275.341493295968,5.532027556169792,-7.246585067040323
2024-06-22,64221.86118929,Positive,4.0,Buy Long,0.0,0.1444265445057325,0.0,9275.341493295968,5.784539189674866,-7.246585067040323
2024-06-23,63270.14340557,Positive,2.0,Hold,0.0,0.1444265445057325,0.0,9137.888182448634,4.216895005513035,-8.621118175513656
2024-06-24,60325.6100489,Positive,368.0,Hold,0.0,0.1444265445057325,0.0,8712.61940456292,-0.6332619113953083,-12.873805954370802
2024-06-25,61771.47689359,Negative,-77.0,Sell Long,8921.440956756904,0.0,0.0,8921.440956756904,1.7483314442433389,-10.785590432430963
2024-06-26,60788.66076039,Positive,13.0,Buy Long,0.0,0.14676159739597572,0.0,8921.440956756904,0.12946288712842316,-10.785590432430963
2024-06-27,61590.33936327,Positive,1695.0,Hold,0.0,0.14676159739597572,0.0,9039.096589113748,1.4499665289323498,-9.609034108862524
2024-06-28,60324.95773564,Negative,-4.0,Sell Long,8853.387160127248,0.0,0.0,8853.387160127248,-0.6343363844227026,-11.466128398727523
2024-06-29,60863.75719769,Positive,16.0,Buy Long,0.0,0.1454623829970074,0.0,8853.387160127248,0.2531597384412883,-11.466128398727523
2024-06-30,62723.74563295,Positive,1.0,Hold,0.0,0.1454623829970074,0.0,9123.945510267042,3.3168831478605685,-8.760544897329583
2024-07-01,62860.2776865,Positive,1.0,Hold,0.0,0.1454623829970074,0.0,9143.8057881319,3.5417751099112627,-8.561942118681
2024-07-02,62015.89414981,Neutral,0.0,Hold,0.0,0.1454623829970074,0.0,9020.979746721532,2.1509290385894464,-9.790202532784678
2024-07-03,60192.68075594,Neutral,0.0,Hold,0.0,0.1454623829970074,0.0,8755.770781737141,-0.8522195021623675,-12.44229218262859
2024-07-04,57101.68300361,Negative,-72.0,Sell Long,8306.146882844825,0.0,0.0,8306.146882844825,-5.9436286704951975,-16.938531171551748
2024-07-05,56716.17969868,Positive,282.0,Buy Long,0.0,0.14645109961519748,0.0,8306.146882844825,-6.578619446423035,-16.938531171551748
2024-07-06,58211.70684888,Positive,490.0,Hold,0.0,0.14645109961519748,0.0,8525.168478495998,-4.115226958259862,-14.74831521504002
2024-07-07,56017.82113735,Positive,151.0,Hold,0.0,0.14645109961519748,0.0,8203.87150361236,-7.728937067734479,-17.961284963876405
2024-07-08,56656.48689152,Positive,23.0,Hold,0.0,0.14645109961519748,0.0,8297.404805597125,-6.676943848447864,-17.025951944028748
2024-07-09,58010.22333474,Positive,124.0,Hold,0.0,0.14645109961519748,0.0,8495.660996295861,-4.447105236200058,-15.04339003704139
2024-07-10,57792.44598379,Positive,268.0,Hold,0.0,0.14645109961519748,0.0,8463.767263777949,-4.805822288144297,-15.362327362220512
2024-07-11,57349.5181351,Positive,6.0,Hold,0.0,0.14645109961519748,0.0,8398.899993287105,-5.535401243040103,-16.011000067128954
2024-07-12,57940.43489239,Negative,-70.0,Sell Long,8485.440402173272,0.0,0.0,8485.440402173272,-4.5620588996107205,-15.145595978267284
2024-07-13,59258.14435888,Positive,48.0,Buy Long,0.0,0.14319450083997953,0.0,8485.440402173272,-2.391562963847293,-15.145595978267284
2024-07-14,60905.74825816,Positive,213.0,Hold,0.0,0.14319450083997953,0.0,8721.368220112674,0.3223262948076941,-12.786317798873261
2024-07-15,64804.1331049,Negative,-1.0,Sell Long,9279.595492323748,0.0,0.0,9279.595492323748,6.743641980145925,-7.204045076762522
2024-07-16,65150.33207396,Positive,200.0,Buy Long,0.0,0.1424335870121024,0.0,9279.595492323748,7.313891700907056,-7.204045076762522
2024-07-17,64114.97788455,Negative,-16.0,Sell Long,9132.126281298073,0.0,0.0,9132.126281298073,5.608483856964009,-8.67873718701927
2024-07-18,63983.86770417,Negative,-34.0,Sell Short,9132.126281298073,0.0,0.1427254495386328,0.0,5.392522659986334,-100.0
2024-07-19,66744.45330223,Positive,137.0,Close Short,9132.126281298075,0.0,0.0,9132.126281298075,9.939685728395357,-8.67873718701925
2024-07-20,67163.2874132,Positive,90.0,Buy Long,0.0,0.13596901868599248,0.0,9132.126281298075,10.629578120260001,-8.67873718701925
2024-07-21,68085.80842715,Positive,282.0,Hold,0.0,0.13596901868599248,0.0,9257.560558282063,12.149130162918125,-7.424394417179374
2024-07-22,67579.53056733,Positive,175.0,Hold,0.0,0.13596901868599248,0.0,9188.722454499894,11.315202757028425,-8.112775455001064
2024-07-23,65919.63232649,Positive,131.0,Hold,0.0,0.13596901868599248,0.0,8963.027719574273,8.581062586417886,-10.369722804257272
2024-07-24,65408.61354468,Positive,2.0,Hold,0.0,0.13596901868599248,0.0,8893.544997281457,7.739326060101605,-11.064550027185433
2024-07-25,65779.28975493,Negative,-111.0,Sell Long,8943.94547783939,0.0,0.0,8943.94547783939,8.349894040594979,-10.560545221606098
2024-07-26,67919.78665783,Positive,4.0,Buy Long,0.0,0.13168394540014805,0.0,8943.94547783939,11.875663526515206,-10.560545221606098
2024-07-27,67951.05781723,Negative,-722.0,Sell Long,8948.063387486418,0.0,0.0,8948.063387486418,11.927172547365688,-10.519366125135821
2024-07-28,68254.17311899,Positive,225.0,Buy Long,0.0,0.13109913985606317,0.0,8948.063387486418,12.426455998891822,-10.519366125135821
2024-07-29,66852.07883191,Positive,29.0,Hold,0.0,0.13109913985606317,0.0,8764.250032453128,10.116963634258065,-12.357499675468716
2024-07-30,66174.59591259,Positive,221.0,Hold,0.0,0.13109913985606317,0.0,8675.432604463102,9.001031814438845,-13.245673955368984
2024-07-31,64671.5135246,Positive,51.0,Hold,0.0,0.13109913985606317,0.0,8478.379796264817,6.525194539823169,-15.216202037351831
2024-08-01,65189.48817341,Negative,-64.0,Sell Long,8546.285827191054,0.0,0.0,8546.285827191054,7.378388584991033,-14.537141728089464
2024-08-02,61484.96109131,Positive,269.0,Buy Long,0.0,0.13899798707685848,0.0,8546.285827191054,1.2763902461298755,-14.537141728089464
2024-08-03,60745.27777853,Positive,54.0,Hold,0.0,0.13899798707685848,0.0,8443.471335640292,0.058003594922495474,-15.565286643597082
2024-08-04,58147.32858138,Negative,-2.0,Sell Long,8082.361626708502,0.0,0.0,8082.361626708502,-4.221269125758622,-19.176383732914985
2024-08-05,54077.63736263,Neutral,0.0,Hold,8082.361626708502,0.0,0.0,8082.361626708502,-10.924756104294367,-19.176383732914985
2024-08-06,55998.50801516,Negative,-107.0,Sell Short,8082.361626708502,0.0,0.14433173156185578,0.0,-7.76074912819722,-100.0
2024-08-07,55020.49812263,Neutral,0.0,Hold,8082.361626708502,0.0,0.14433173156185578,141.15786127347928,-9.371700973695626,-98.58842138726521
2024-08-08,61823.55740612,Neutral,0.0,Hold,8082.361626708502,0.0,0.14433173156185578,-840.7394650305905,1.834117077308536,-108.40739465030592
2024-08-09,60931.33675971,Neutral,0.0,Hold,8082.361626708502,0.0,0.14433173156185578,-711.963714198997,0.36447499300631797,-107.11963714198998
2024-08-10,60915.04757343,Positive,1133.0,Close Short,8082.361626708502,0.0,0.0,8082.361626708502,0.337643879231431,-19.176383732914985
2024-08-11,58820.33622653,Positive,8.0,Buy Long,0.0,0.13740760670903948,0.0,8082.361626708502,-3.1127088583524576,-19.176383732914985
2024-08-12,59337.8674022,Positive,3.0,Hold,0.0,0.13740760670903948,0.0,8153.474346954632,-2.2602452903288164,-18.46525653045368
2024-08-13,60560.02140482,Neutral,0.0,Hold,0.0,0.13740760670903948,0.0,8321.407603484518,-0.24714576951433892,-16.78592396515482
2024-08-14,58747.3613485,Positive,195.0,Hold,0.0,0.13740760670903948,0.0,8072.3343233685155,-3.2329111337439036,-19.276656766314844
2024-08-15,57642.40188585,Negative,-50.0,Sell Long,7920.504488095272,0.0,0.0,7920.504488095272,-5.052970929818363,-20.79495511904728
2024-08-16,58879.36594775,Positive,372.0,Buy Long,0.0,0.1345208862324365,0.0,7920.504488095273,-3.0154766738265835,-20.794955119047273
2024-08-17,59469.54878283,Positive,192.0,Hold,0.0,0.1345208862324365,0.0,7999.896406109407,-2.043343227513354,-20.001035938905932
2024-08-18,58720.22539619,Positive,27.0,Hold,0.0,0.1345208862324365,0.0,7899.096760063903,-3.2776087516177594,-21.009032399360965
2024-08-19,59503.68187683,Positive,4.0,Hold,0.0,0.1345208862324365,0.0,8004.488020164142,-1.9871201042179223,-19.955119798358584
2024-08-20,59046.70928535,Positive,335.0,Hold,0.0,0.1345208862324365,0.0,7943.015662174319,-2.7398331853530564,-20.56984337825681
2024-08-21,61159.90921046,Positive,34.0,Hold,0.0,0.1345208862324365,0.0,8227.285188886433,0.7409734458115989,-17.727148111135666
2024-08-22,60387.04553281,Positive,1.0,Hold,0.0,0.1345208862324365,0.0,8123.318882032097,-0.5320670186444019,-18.766811179679035
2024-08-23,64137.57698019,Positive,661.0,Hold,0.0,0.1345208862324365,0.0,8627.843696176276,5.645708485371073,-13.721563038237235
2024-08-24,64161.14309054,Negative,-554.0,Sell Long,8631.01383022561,0.0,0.0,8631.01383022561,5.684525954651813,-13.689861697743908
2024-08-25,64373.56424856,Positive,16.0,Buy Long,0.0,0.13407699155664946,0.0,8631.01383022561,6.034420428264953,-13.689861697743908
2024-08-26,62927.46935792,Positive,165.0,Hold,0.0,0.13407699155664946,0.0,8437.125777783158,3.652451441411518,-15.628742222168421
2024-08-27,59550.64819719,Positive,25.0,Hold,0.0,0.13407699155664946,0.0,7984.371755527645,-1.9097584322776873,-20.156282444723548
2024-08-28,59069.81141,Positive,252.0,Hold,0.0,0.13407699155664946,0.0,7919.902605671446,-2.7017799809589977,-20.800973943285545
2024-08-29,59379.92694048,Positive,85.0,Hold,0.0,0.13407699155664946,0.0,7961.481963033199,-2.190965939137691,-20.385180369668017
2024-08-30,59180.45617966,Positive,109.0,Hold,0.0,0.13407699155664946,0.0,7934.737523518937,-2.519528863419246,-20.652624764810625
2024-08-31,58969.44183721,Positive,308.0,Hold,0.0,0.13407699155664946,0.0,7906.445355307936,-2.8671060678962887,-20.935546446920643
2024-09-01,57372.10871427,Positive,52.0,Hold,0.0,0.13407699155664946,0.0,7692.279735670353,-5.498190642735596,-23.077202643296467
2024-09-02,59136.19785362,Positive,2.0,Hold,0.0,0.13407699155664946,0.0,7928.80350031216,-2.5924299992435254,-20.711964996878397
2024-09-03,57447.09147034,Neutral,0.0,Hold,0.0,0.13407699155664946,0.0,7702.333198022845,-5.374681044116871,-22.97666801977155
2024-09-04,58028.40797574,Positive,67.0,Hold,0.0,0.13407699155664946,0.0,7780.2743662091025,-4.417151979896183,-22.197256337908975
2024-09-05,56154.43223083,Negative,-69.0,Sell Long,7529.017336081439,0.0,0.0,7529.017336081439,-7.503914913216329,-24.70982663918561
2024-09-06,53985.10996318,Positive,21.0,Buy Long,0.0,0.1394647031601219,0.0,7529.017336081439,-11.077164772183751,-24.70982663918561
2024-09-07,54223.27196714,Negative,-82.0,Sell Long,7562.23252926774,0.0,0.0,7562.23252926774,-10.684870662750514,-24.3776747073226
2024-09-08,54891.805986,Positive,77.0,Buy Long,0.0,0.1377661454825601,0.0,7562.23252926774,-9.583679233413356,-24.3776747073226
2024-09-09,57041.7886232,Negative,-15.0,Sell Long,7858.427350049214,0.0,0.0,7858.427350049214,-6.0422850986084855,-21.415726499507866
2024-09-10,57662.56641879,Negative,-395.0,Sell Short,7858.427350049214,0.0,0.13628299671879426,0.0,-5.019756448245717,-100.0
2024-09-11,57382.5388044,Positive,1.0,Close Short,7858.427350049214,0.0,0.0,7858.427350049214,-5.481010476080866,-21.415726499507866
2024-09-12,58110.57024357,Neutral,0.0,Hold,7858.427350049214,0.0,0.0,7858.427350049214,-4.281816480734032,-21.415726499507866
2024-09-13,60631.70969457,Positive,1181.0,Buy Long,0.0,0.1296091993716778,0.0,7858.427350049214,-0.12906272806918234,-21.415726499507866
2024-09-14,60167.90452831,Positive,761.0,Hold,0.0,0.1296091993716778,0.0,7798.3139337858065,-0.8930302443950284,-22.016860662141934
2024-09-15,59218.46454126,Positive,347.0,Hold,0.0,0.1296091993716778,0.0,7675.2577772128,-2.4569225025515737,-23.247422227872004
2024-09-16,58204.02925119,Negative,-173.0,Sell Long,7543.777631452452,0.0,0.0,7543.777631452452,-4.1278732926805795,-24.56222368547548
2024-09-17,60313.3222299,Positive,2.0,Buy Long,0.0,0.12507647319936002,0.0,7543.777631452452,-0.6535020795637513,-24.56222368547548
2024-09-18,61624.11507927,Negative,-1.0,Sell Long,7707.726978146592,0.0,0.0,7707.726978146592,1.5056009887050106,-22.922730218534078
2024-09-19,62998.45991945,Negative,-1149.0,Sell Short,7707.726978146592,0.0,0.12234786355097749,0.0,3.7693852035167974,-100.0
2024-09-20,63176.37438305,Negative,-67.0,Hold,7707.726978146592,0.0,0.12234786355097749,-21.76745451627903,4.062441169173604,-100.2176745451628
2024-09-21,63424.34803262,Positive,186.0,Close Short,7707.726978146592,0.0,0.0,7707.726978146592,4.470896759920617,-22.922730218534078
2024-09-22,63685.39387862,Positive,275.0,Buy Long,0.0,0.12102817473088086,0.0,7707.726978146592,4.9008845244467265,-22.922730218534078
2024-09-23,63389.25979313,Positive,20.0,Hold,0.0,0.12102817473088086,0.0,7671.886410304138,4.413100346414526,-23.28113589695862
2024-09-24,64345.11185538,Positive,64.0,Hold,0.0,0.12102817473088086,0.0,7787.571440711004,5.9875544040536886,-22.124285592889965
2024-09-25,63128.69326987,Positive,32.0,Hold,0.0,0.12102817473088086,0.0,7640.350519598009,3.983902109538895,-23.596494804019912
2024-09-26,65193.37131676,Positive,243.0,Hold,0.0,0.12102817473088086,0.0,7890.234735020025,7.384784795288906,-21.09765264979975
2024-09-27,65807.10440955,Negative,-33.0,Sell Long,7964.513731012337,0.0,0.0,7964.513731012337,8.395709598836497,-20.354862689876626
2024-09-28,65932.90890615,Positive,4.0,Buy Long,0.0,0.12079724470141548,0.0,7964.513731012337,8.602931414809646,-20.354862689876626
2024-09-29,65639.17306441,Positive,155.0,Hold,0.0,0.12079724470141548,0.0,7929.031250660095,8.11909756000479,-20.709687493399052
2024-09-30,63319.42173129,Positive,3.0,Hold,0.0,0.12079724470141548,0.0,7648.8116812267635,4.298064951101566,-23.511883187732366
2024-10-01,61050.31436029,Positive,371.0,Hold,0.0,0.12079724470141548,0.0,7374.70976287829,0.5604517276909793,-26.252902371217097
2024-10-02,60661.48706938,Positive,88.0,Hold,0.0,0.12079724470141548,0.0,7327.740497471646,-0.08001422940812668,-26.722595025283535
2024-10-03,60780.11833479,Positive,1.0,Hold,0.0,0.12079724470141548,0.0,7342.070827468618,0.115392031209217,-26.579291725313826
2024-10-04,62101.60712141,Positive,218.0,Hold,0.0,0.12079724470141548,0.0,7501.70303179613,2.292113162427881,-24.982969682038703
2024-10-05,62236.09769079,Positive,114.0,Hold,0.0,0.12079724470141548,0.0,7517.949122015558,2.513642446129058,-24.82050877984442
2024-10-06,62836.23699858,Positive,7.0,Hold,0.0,0.12079724470141548,0.0,7590.444296833605,3.5021759290976813,-24.095557031663947
2024-10-07,62366.19963699,Positive,1.0,Hold,0.0,0.12079724470141548,0.0,7533.665078646811,2.7279429066199548,-24.663349213531895
2024-10-08,62179.89290057,Positive,40.0,Hold,0.0,0.12079724470141548,0.0,7511.159738217961,2.421063412703809,-24.888402617820393
2024-10-09,60590.5428459,Positive,382.0,Hold,0.0,0.12079724470141548,0.0,7319.170630747782,-0.19687166471166737,-26.808293692522184
2024-10-10,60245.6980667,Positive,36.0,Hold,0.0,0.12079724470141548,0.0,7277.514331570754,-0.7648908000045063,-27.224856684292465
2024-10-11,62394.88358932,Positive,18.0,Hold,0.0,0.12079724470141548,0.0,7537.130021055421,2.775190348895479,-24.62869978944579
2024-10-12,63190.9502213,Negative,-88.0,Sell Long,7633.292676797341,0.0,0.0,7633.292676797341,4.086450101708816,-23.667073232026585
2024-10-13,62831.12164332,Negative,-1150.0,Sell Short,7633.292676797341,0.0,0.12148904041742327,0.0,3.493750052161855,-100.0
2024-10-14,66045.91061671,Positive,3.0,Close Short,7633.292676797342,0.0,0.0,7633.292676797342,8.789064822622311,-23.667073232026578
2024-10-15,66898.43020982,Positive,973.0,Buy Long,0.0,0.11410271740093617,0.0,7633.292676797342,10.193312389373773,-23.667073232026578
2024-10-16,67641.12001347,Positive,476.0,Hold,0.0,0.11410271740093617,0.0,7718.035601579775,11.416651252263781,-22.819643984202248
2024-10-17,67305.87489348,Positive,665.0,Hold,0.0,0.11410271740093617,0.0,7679.783222393512,10.864444419932916,-23.20216777606488
2024-10-18,68430.27281233,Positive,2.0,Hold,0.0,0.11410271740093617,0.0,7808.080080374256,12.716522723313094,-21.91919919625744
2024-10-19,68323.61129534,Positive,572.0,Hold,0.0,0.11410271740093617,0.0,7795.90971144359,12.540832713476682,-22.0409028855641
2024-10-20,68938.6041938,Positive,1.0,Hold,0.0,0.11410271740093617,0.0,7866.082072340154,13.55383263536874,-21.33917927659846
2024-10-21,67419.95771592,Negative,-609.0,Sell Long,7692.800382442685,0.0,0.0,7692.800382442685,11.052358606438705,-23.071996175573148
2024-10-22,67388.70987963,Positive,60.0,Buy Long,0.0,0.11415562630867393,0.0,7692.800382442685,11.000888002793802,-23.071996175573148
2024-10-23,66663.68284526,Positive,782.0,Hold,0.0,0.11415562630867393,0.0,7610.034467243458,9.80664278301065,-23.899655327565426
2024-10-24,68114.91856229,Negative,-345.0,Sell Long,7775.701189442534,0.0,0.0,7775.701189442534,12.19707960216682,-22.24298810557466
2024-10-25,66476.68631485,Negative,-87.0,Sell Short,7775.701189442534,0.0,0.11696884457529808,0.0,9.498627078806969,-100.0
2024-10-26,67025.03468737,Positive,213.0,Close Short,7775.701189442534,0.0,0.0,7775.701189442534,10.401851912660126,-22.24298810557466
2024-10-27,67950.00097515,Positive,1802.0,Buy Long,0.0,0.11443268694412802,0.0,7775.701189442534,11.925431745240703,-22.24298810557466
2024-10-28,69877.9379964,Positive,943.0,Hold,0.0,0.11443268694412802,0.0,7996.320203043229,15.101078255679365,-20.036797969567704
2024-10-29,72692.83855247,Positive,480.0,Hold,0.0,0.11443268694412802,0.0,8318.436837154839,19.737707476233364,-16.815631628451612
2024-10-30,72448.51936161,Negative,-52.0,Sell Long,8290.478735672714,0.0,0.0,8290.478735672714,19.33527141253627,-17.095212643272863
2024-10-31,70350.66875177,Positive,935.0,Buy Long,0.0,0.11784505936859524,0.0,8290.478735672714,15.879747764652466,-17.095212643272863
2024-11-01,69556.93986447,Positive,172.0,Hold,0.0,0.11784505936859524,0.0,8196.941707826276,14.572338682609749,-18.03058292173724
2024-11-02,69438.65233749,Positive,835.0,Hold,0.0,0.11784505936859524,0.0,8183.002107186753,14.37749861877877,-18.16997892813247
2024-11-03,68897.13164781,Negative,-28.0,Sell Long,8119.186569362092,0.0,0.0,8119.186569362092,13.485520162243066,-18.808134306379078
2024-11-04,67763.74712889,Positive,676.0,Buy Long,0.0,0.11981608032860104,0.0,8119.186569362092,11.618639370587365,-18.808134306379078
2024-11-05,69604.82276385,Positive,18.0,Hold,0.0,0.11981608032860104,0.0,8339.77703553149,14.65121011909847,-16.602229644685103
2024-11-06,75645.35295892,Negative,-30.0,Sell Long,9063.529686611339,0.0,0.0,9063.529686611339,24.601010565762575,-9.364703133886614
2024-11-07,75842.18810599,Positive,937.0,Buy Long,0.0,0.11950511862797247,0.0,9063.529686611339,24.9252321772752,-9.364703133886614
2024-11-08,76544.19419728,Positive,150.0,Hold,0.0,0.11950511862797247,0.0,9147.423007828509,26.08155791278411,-8.52576992171491
2024-11-09,76788.25861629,Positive,83.0,Hold,0.0,0.11950511862797247,0.0,9176.589955175166,26.483574323075782,-8.234100448248336
2024-11-10,80319.52636667,Positive,1082.0,Hold,0.0,0.11950511862797247,0.0,9598.594526591462,32.30018450552258,-4.014054734085384
2024-11-11,88582.53333678,Positive,444.0,Hold,0.0,0.11950511862797247,0.0,10586.06615477822,45.91078949994662,5.860661547782201
2024-11-12,88068.44592757,Positive,912.0,Hold,0.0,0.11950511862797247,0.0,10524.630077955433,45.06399841231052,5.246300779554331
2024-11-13,90550.03355035,Positive,1599.0,Hold,0.0,0.11950511862797247,0.0,10821.192501201464,49.151603447001726,8.211925012014635
2024-11-14,87222.15230398,Positive,304.0,Hold,0.0,0.11950511862797247,0.0,10423.493658074212,43.67000609672252,4.234936580742123
2024-11-15,91104.81289406,Positive,1890.0,Hold,0.0,0.11950511862797247,0.0,10887.491472483876,50.06542120530892,8.874914724838764
2024-11-16,90648.35951276,Positive,1128.0,Hold,0.0,0.11950511862797247,0.0,10832.94295700348,49.313563353353025,8.32942957003481
2024-11-17,89894.63469413,Positive,1267.0,Hold,0.0,0.11950511862797247,0.0,10742.868983140255,48.07204790770767,7.428689831402553
2024-11-18,90552.05528422,Positive,638.0,Hold,0.0,0.11950511862797247,0.0,10821.434108747433,49.15493359318314,8.214341087474333
2024-11-19,92309.40589051,Positive,848.0,Hold,0.0,0.11950511862797247,0.0,11031.446501423057,52.04959470450087,10.314465014230572
2024-11-20,94272.59890472,Positive,224.0,Hold,0.0,0.11950511862797247,0.0,11266.058115475831,55.28331394749326,12.66058115475831
2024-11-21,98429.27976966,Positive,1292.0,Hold,0.0,0.11950511862797247,0.0,11762.80275533911,62.13008795424763,17.628027553391092
2024-11-22,98941.24201222,Positive,2822.0,Hold,0.0,0.11950511862797247,0.0,11823.984863869286,62.97337852398206,18.239848638692855
2024-11-23,97639.86768772,Positive,1493.0,Hold,0.0,0.11950511862797247,0.0,11668.463970840516,60.829789399015,16.684639708405157
2024-11-24,97555.41375005,Positive,2425.0,Hold,0.0,0.11950511862797247,0.0,11658.37129300066,60.690679122331424,16.583712930006605
2024-11-25,93048.57112256,Positive,1092.0,Hold,0.0,0.11950511862797247,0.0,11119.780530164866,53.26712798692896,11.19780530164866
2024-11-26,91988.7514353,Positive,2731.0,Hold,0.0,0.11950511862797247,0.0,10993.1266527146,51.52142122657054,9.931266527145999
2024-11-27,95933.90169944,Positive,916.0,Hold,0.0,0.11950511862797247,0.0,11464.592303035828,58.01976766184438,14.645923030358283
2024-11-28,95674.38142558,Positive,58.0,Hold,0.0,0.11950511862797247,0.0,11433.578301921823,57.59229277911337,14.335783019218235
2024-11-29,97436.17105675,Positive,1091.0,Hold,0.0,0.11950511862797247,0.0,11644.121180792326,60.49426573397919,16.441211807923263
2024-11-30,96443.16823456,Positive,724.0,Hold,0.0,0.11950511862797247,0.0,11525.4522607286,58.85861793408432,15.254522607285997
2024-12-01,97381.665659,Positive,333.0,Hold,0.0,0.11950511862797247,0.0,11637.607506768349,60.404485894566896,16.376075067683487
2024-12-02,95813.52972254,Positive,75.0,Hold,0.0,0.11950511862797247,0.0,11450.20723565691,57.8214941476249,14.502072356569096
2024-12-03,96015.45201984,Negative,-574.0,Sell Long,11474.337983749378,0.0,0.0,11474.337983749378,58.15409517749918,14.743379837493775
2024-12-04,98792.07211435,Negative,-162.0,Sell Short,11474.337983749378,0.0,0.11614634391379142,0.0,62.727669841378805,-100.0
2024-12-05,97054.54994658,Positive,560.0,Close Short,11474.337983749378,0.0,0.0,11474.337983749378,59.86566960585704,14.743379837493775
2024-12-06,99936.02264648,Positive,857.0,Buy Long,0.0,0.11481683661095284,0.0,11474.337983749378,64.61195468856629,14.743379837493775
2024-12-07,99946.82461556,Positive,509.0,Hold,0.0,0.11481683661095284,0.0,11475.578231668313,64.62974740432237,14.755782316683124
2024-12-08,100983.51074695,Positive,51.0,Hold,0.0,0.11481683661095284,0.0,11594.607253832959,66.33734918761836,15.94607253832959
2024-12-09,97495.80896966,Positive,1275.0,Hold,0.0,0.11481683661095284,0.0,11194.160368722121,60.59249971565753,11.941603687221214
2024-12-10,96627.80343908,Positive,364.0,Hold,0.0,0.11481683661095284,0.0,11094.498719540115,59.162744125176346,10.944987195401154
2024-12-11,101172.77395868,Negative,-584.0,Sell Long,11616.337857090626,0.0,0.0,11616.337857090626,66.64909850891885,16.16337857090626
2024-12-12,100004.33145417,Positive,2606.0,Buy Long,0.0,0.11615834722533157,0.0,11616.337857090626,64.72447113717533,16.16337857090626
2024-12-13,101396.31665561,Positive,12.0,Hold,0.0,0.11615834722533157,0.0,11778.028557452017,67.01731208520026,17.780285574520168
2024-12-14,101459.42642486,Positive,672.0,Hold,0.0,0.11615834722533157,0.0,11785.359283941869,67.1212648161683,17.85359283941869
2024-12-15,104251.30928902,Positive,811.0,Hold,0.0,0.11615834722533157,0.0,12109.65978308942,71.7199799076887,21.096597830894208
2024-12-16,106010.27849143,Positive,422.0,Hold,0.0,0.11615834722533157,0.0,12313.978738461625,74.61730712742369,23.13978738461625
2024-12-17,106090.4295397,Negative,-349.0,Sell Long,12323.288951757046,0.0,0.0,12323.288951757046,74.74932979929581,23.232889517570456
2024-12-18,100261.06009481,Positive,344.0,Buy Long,0.0,0.12291201529391128,0.0,12323.288951757046,65.14734771602203,23.232889517570456
2024-12-19,97700.67442983,Positive,423.0,Hold,0.0,0.12291201529391128,0.0,12008.586789744713,60.92994864501959,20.085867897447134
2024-12-20,97721.92477864,Positive,803.0,Hold,0.0,0.12291201529391128,0.0,12011.198712942647,60.964951653572385,20.11198712942647
2024-12-21,97227.37519659,Positive,346.0,Hold,0.0,0.12291201529391128,0.0,11950.41262715012,60.15034275444056,19.50412627150121
2024-12-22,95076.63109859,Positive,22.0,Hold,0.0,0.12291201529391128,0.0,11686.060335683456,56.607694361687585,16.860603356834563
2024-12-23,94682.38878821,Positive,919.0,Hold,0.0,0.12291201529391128,0.0,11637.603218800521,55.95830892874755,16.37603218800521
2024-12-24,98636.66020199,Positive,508.0,Hold,0.0,0.12291201529391128,0.0,12123.630687287325,62.47167947876488,21.236306872873246
2024-12-25,99400.81547739,Positive,159.0,Hold,0.0,0.12291201529391128,0.0,12217.554552184214,63.73037569498461,22.175545521842142
2024-12-26,95711.32319394,Positive,327.0,Hold,0.0,0.12291201529391128,0.0,11764.07162021404,57.65314227600504,17.640716202140393
2024-12-27,94216.48793226,Negative,-230.0,Sell Long,11580.33840566855,0.0,0.0,11580.33840566855,55.19088944818344,15.803384056685498
2024-12-28,95127.09071324,Positive,351.0,Buy Long,0.0,0.12173544170059195,0.0,11580.33840566855,56.69081009493776,15.803384056685498
2024-12-29,93597.41961624,Positive,134.0,Hold,0.0,0.12173544170059195,0.0,11394.123219018626,54.17117660703607,13.941232190186255
2024-12-30,92651.36941707,Negative,-158.0,Sell Long,11278.955380151732,0.0,0.0,11278.955380151732,52.61286791718781,12.789553801517323
2024-12-31,93369.66723222,Positive,1000.0,Buy Long,0.0,0.12079892447404579,0.0,11278.955380151732,53.796028946305796,12.789553801517323
2025-01-01,94430.67069363,Positive,1056.0,Hold,0.0,0.12079892447404579,0.0,11407.1234571533,55.54368558791407,14.071234571533006
2025-01-02,96839.51211055,Negative,-591.0,Sell Long,11698.108909545772,0.0,0.0,11698.108909545772,59.51146500992154,16.98108909545772
2025-01-03,98126.92490332,Positive,381.0,Buy Long,0.0,0.11921405792621532,0.0,11698.108909545772,61.63205707169098,16.98108909545772
2025-01-04,98363.31124378,Positive,1209.0,Hold,0.0,0.11921405792621532,0.0,11726.289484430336,62.02142635550215,17.262894844303357
2025-01-05,98452.14991354,Positive,976.0,Hold,0.0,0.11921405792621532,0.0,11736.880302753192,62.16775904609617,17.36880302753192
2025-01-06,102236.36672536,Positive,1514.0,Hold,0.0,0.11921405792621532,0.0,12188.01214496286,68.40102018520122,21.880121449628604
2025-01-07,96916.86998514,Negative,-70.0,Sell Long,11553.85335243596,0.0,0.0,11553.85335243596,59.63888684050469,15.538533524359591
2025-01-08,95110.32771718,Positive,1336.0,Buy Long,0.0,0.12147843067886896,0.0,11553.85335243596,56.66319853431327,15.538533524359591
2025-01-09,92494.43879367,Positive,255.0,Hold,0.0,0.12147843067886896,0.0,11236.079271177729,52.35437597419992,12.360792711777286
2025-01-10,94741.4381482,Positive,1049.0,Hold,0.0,0.12147843067886896,0.0,11509.041226502464,56.0555734617323,15.090412265024641
2025-01-11,94600.24826226,Positive,479.0,Hold,0.0,0.12147843067886896,0.0,11491.889700730744,55.823009242231024,14.918897007307441
2025-01-12,94453.33266545,Negative,-186.0,Sell Long,11474.042624588017,0.0,0.0,11474.042624588017,55.58101378429009,14.740426245880172
2025-01-13,94485.19602869,Positive,78.0,Buy Long,0.0,0.12143746435265876,0.0,11474.042624588017,55.63349826753237,14.740426245880172
2025-01-14,96562.57192236,Negative,-184.0,Sell Long,11726.31388562264,0.0,0.0,11726.31388562264,59.055296508288855,17.263138856226394
2025-01-15,100368.46641343,Negative,-1025.0,Sell Short,11726.31388562264,0.0,0.11683264978185995,0.0,65.32426454326543,-100.0
2025-01-16,100003.89536646,Negative,-1880.0,Hold,11726.31388562264,0.0,0.11683264978185995,42.59380145125215,64.72375282511469,-99.57406198548749
2025-01-17,104283.15804826,Positive,400.0,Close Short,11726.31388562264,0.0,0.0,11726.31388562264,71.77244033561114,17.263138856226394
2025-01-18,104384.95325928,Positive,110.0,Buy Long,0.0,0.11233720492737924,0.0,11726.31388562264,71.94011469586874,17.263138856226394
2025-01-19,101159.5939798,Negative,-66.0,Sell Long,11363.986039279273,0.0,0.0,11363.986039279273,66.62738879875893,13.639860392792723
2025-01-20,102312.24122486,Negative,-100.0,Sell Short,11363.986039279273,0.0,0.11107161668273602,0.0,68.52599863984608,-100.0
2025-01-21,106170.01720868,Positive,475.0,Close Short,11363.986039279274,0.0,0.0,11363.986039279274,74.88042448780718,13.639860392792743
2025-01-22,103724.83841918,Negative,-35.0,Sell Short,11363.986039279274,0.0,0.10955896593788218,0.0,70.85279111353866,-100.0
2025-01-23,104041.27140649,Positive,608.0,Close Short,11363.986039279274,0.0,0.0,11363.986039279274,71.3740111019837,13.639860392792743
2025-01-24,104846.6656461,Positive,336.0,Buy Long,0.0,0.10838671854036193,0.0,11363.986039279274,72.70063504164258,13.639860392792743
2025-01-25,104842.9636934,Positive,156.0,Hold,0.0,0.10838671854036193,0.0,11363.58479677393,72.69453728375736,13.6358479677393
2025-01-26,102713.71351727,Positive,784.0,Hold,0.0,0.10838671854036193,0.0,11132.80235723171,69.18729310661399,11.328023572317106
2025-01-27,102147.69430122,Positive,260.0,Hold,0.0,0.10838671854036193,0.0,11071.453391773264,68.25496132996449,10.714533917732643
2025-01-28,101256.74152476,Negative,-491.0,Sell Long,10974.885943958341,0.0,0.0,10974.885943958341,66.78740764727394,9.748859439583411
2025-01-29,103696.456272,Negative,-1209.0,Sell Short,10974.885943958341,0.0,0.1058366538116864,0.0,70.80604079666757,-100.0
2025-01-30,104734.28591441,Positive,2221.0,Close Short,10974.885943958341,0.0,0.0,10974.885943958341,72.51552614085804,9.748859439583411
2025-01-31,102325.87313056,Positive,2206.0,Buy Long,0.0,0.10725426139247525,0.0,10974.885943958341,68.54845275182674,9.748859439583411
2025-02-01,100702.28292271,Negative,-125.0,Sell Long,10800.748975411336,0.0,0.0,10800.748975411336,65.87411820608608,8.007489754113358
2025-02-02,97691.08986887,Positive,214.0,Buy Long,0.0,0.11056022601354022,0.0,10800.748975411336,60.91416121149285,8.007489754113358
2025-02-03,101534.54575276,Positive,139.0,Hold,0.0,0.11056022601354022,0.0,11225.682326607286,67.24499937226778,12.25682326607286
2025-02-04,97981.18478814,Positive,215.0,Hold,0.0,0.11056022601354022,0.0,10832.821935251208,61.391997835781794,8.328219352512079
2025-02-05,96589.4608892,Positive,1577.0,Hold,0.0,0.11056022601354022,0.0,10678.952626435956,59.09958729827501,6.789526264359556
2025-02-06,96535.82907712,Positive,134.0,Hold,0.0,0.11056022601354022,0.0,10673.023081170875,59.01124640591022,6.730230811708752
2025-02-07,96535.47144474,Negative,-196.0,Sell Long,10672.983541254112,0.0,0.0,10672.983541254112,59.0106573233795,6.729835412541124
2025-02-08,96573.03722151,Negative,-286.0,Sell Short,10672.983541254112,0.0,0.1105172193846761,0.0,59.07253467030353,-100.0
2025-02-09,96465.80339917,Positive,65.0,Close Short,10672.983541254114,0.0,0.0,10672.983541254114,58.895901974338074,6.729835412541142
2025-02-10,97427.30928525,Negative,-71.0,Sell Short,10672.983541254114,0.0,0.10954817103698819,0.0,60.479668859999336,-100.0
2025-02-11,95774.54070415,Positive,48.0,Close Short,10672.983541254116,0.0,0.0,10672.983541254116,57.75727247501271,6.72983541254116
2025-02-12,97781.50472769,Positive,101.0,Buy Long,0.0,0.10915135301892849,0.0,10672.983541254116,61.06309015872443,6.72983541254116
2025-02-13,96620.58899249,Positive,262.0,Hold,0.0,0.10915135301892849,0.0,10546.268018016071,59.150860680911435,5.4626801801607145
2025-02-14,97510.95969319,Positive,48.0,Hold,0.0,0.10915135301892849,0.0,10643.453184685888,60.617455583913795,6.434531846858881
2025-02-15,97624.75787421,Positive,65.0,Hold,0.0,0.10915135301892849,0.0,10655.874410115315,60.804900916654034,6.558744101153152
2025-02-16,96136.8873802,Positive,135.0,Hold,0.0,0.10915135301892849,0.0,10493.47133257718,58.35412026863056,4.934713325771808
2025-02-17,95760.07669503,Negative,-677.0,Sell Long,10452.341936458886,0.0,0.0,10452.341936458886,57.73344774444185,4.523419364588863
2025-02-18,95531.74097279,Positive,395.0,Buy Long,0.0,0.10941224173268227,0.0,10452.341936458886,57.35733922453291,4.523419364588863
2025-02-19,96627.67067841,Positive,1736.0,Hold,0.0,0.10941224173268227,0.0,10572.250062332208,59.162525445336826,5.722500623322085
2025-02-20,98352.82356801,Positive,356.0,Hold,0.0,0.10941224173268227,0.0,10761.00290731496,62.00415133531503,7.610029073149599
2025-02-21,96106.02666919,Positive,40.0,Hold,0.0,0.10941224173268227,0.0,10515.175821897026,58.30328732743572,5.151758218970262
2025-02-22,96579.54814836,Positive,51.0,Hold,0.0,0.10941224173268227,0.0,10566.98486844159,59.0832592955911,5.669848684415902
2025-02-23,96301.32597495,Negative,-32.0,Sell Long,10536.543956749063,0.0,0.0,10536.543956749063,58.624979142049924,5.36543956749063
2025-02-24,91436.47200908,Negative,-240.0,Sell Short,10536.543956749063,0.0,0.11523349190137983,0.0,50.61172126576711,-100.0
2025-02-25,88641.90337867,Positive,507.0,Close Short,10536.543956749061,0.0,0.0,10536.543956749061,46.008582251615614,5.365439567490612
2025-02-26,83997.85163083,Negative,-253.0,Sell Short,10536.543956749061,0.0,0.12543825529082697,0.0,38.3590239077633,-100.0
2025-02-27,84710.84934304,Negative,-62.0,Hold,10536.543956749061,0.0,0.12543825529082697,-89.43718904597154,39.53345474848775,-100.89437189045971
2025-02-28,84375.17023834,Positive,85.0,Close Short,10536.543956749063,0.0,0.0,10536.543956749063,38.98053306810185,5.36543956749063
2025-03-01,86047.05190275,Positive,251.0,Buy Long,0.0,0.12245095821129838,0.0,10536.543956749063,41.73441201483615,5.36543956749063
2025-03-02,94281.06085871,Positive,260.0,Hold,0.0,0.12245095821129838,0.0,11544.806243326777,55.297252252719865,15.44806243326777
2025-03-03,86284.4670449,Positive,501.0,Hold,0.0,0.12245095821129838,0.0,10565.615668399201,42.12547591338877,5.6561566839920125
2025-03-04,87288.39166294,Positive,1790.0,Hold,0.0,0.12245095821129838,0.0,10688.547199850113,43.77911380450369,6.885471998501124
2025-03-05,90622.31184862,Positive,91.0,Hold,0.0,0.12245095821129838,0.0,11096.788921186617,49.27065833476604,10.967889211866169
2025-03-06,90274.74904336,Negative,-160.0,Sell Long,11054.229522643924,0.0,0.0,11054.229522643924,48.69816213934231,10.542295226439236
2025-03-07,86760.26174462,Negative,-713.0,Sell Short,11054.229522643924,0.0,0.1274112053186538,0.0,42.90919226988646,-100.0
2025-03-08,86156.99779014,Positive,198.0,Close Short,11054.229522643926,0.0,0.0,11054.229522643926,41.91551195211562,10.542295226439254
2025-03-09,80719.67821135,Positive,1429.0,Buy Long,0.0,0.13694590671806706,0.0,11054.229522643926,32.95930396595998,10.542295226439254
2025-03-10,78789.28137156,Positive,263.0,Hold,0.0,0.13694590671806706,0.0,10789.869577093195,29.779605707939975,7.898695770931955
2025-03-11,82821.21170988,Positive,219.0,Hold,0.0,0.13694590671806706,0.0,11342.025933098508,36.42089396999953,13.420259330985083
2025-03-12,83681.225335,Positive,1308.0,Hold,0.0,0.13694590671806706,0.0,11459.801278780458,37.83748550667291,14.598012787804581
2025-03-13,81112.58952143,Positive,90.0,Hold,0.0,0.13694590671806706,0.0,11108.037118262615,33.60649701065729,11.08037118262615
2025-03-14,84032.94415056,Negative,-8.0,Sell Long,11507.967730887129,0.0,0.0,11507.967730887129,38.4168273715667,15.079677308871286
2025-03-15,84413.91399609,Positive,31.0,Buy Long,0.0,0.13632785385854954,0.0,11507.967730887127,39.04435075392041,15.07967730887127
2025-03-16,82613.25299027,Negative,-470.0,Sell Long,11262.48748043691,0.0,0.0,11262.48748043691,36.07834990607747,12.624874804369101
2025-03-17,84098.58468887,Negative,-201.0,Sell Short,11262.48748043691,0.0,0.1339200596788098,0.0,38.52494871792288,-100.0
2025-03-18,82680.26394554,Negative,-546.0,Hold,11262.48748043691,0.0,0.1339200596788098,189.94159859044703,36.18872856674885,-98.10058401409553
2025-03-19,86843.61340024,Positive,169.0,Close Short,11262.487480436912,0.0,0.0,11262.487480436912,43.04648689693674,12.624874804369119
2025-03-20,84231.87686863,Positive,151.0,Buy Long,0.0,0.1337081387608417,0.0,11262.487480436912,38.74450404616134,12.624874804369119
2025-03-21,84288.5778621,Positive,444.0,Hold,0.0,0.1337081387608417,0.0,11270.068864739678,38.83790041236353,12.700688647396783
2025-03-22,84278.62769309,Positive,763.0,Hold,0.0,0.1337081387608417,0.0,11268.738446160994,38.82151075899487,12.687384461609946
2025-03-23,86056.96595452,Positive,121.0,Hold,0.0,0.1337081387608417,0.0,11506.51674518399,41.750742176849066,15.065167451839898
2025-03-24,87416.88396239,Negative,-1385.0,Sell Long,11688.34885088364,0.0,0.0,11688.34885088364,43.99076289774121,16.8834885088364
2025-03-25,87462.04004049,Positive,287.0,Buy Long,0.0,0.13363910612504112,0.0,11688.34885088364,44.06514278684692,16.8834885088364
2025-03-26,86921.24345632,Positive,408.0,Hold,0.0,0.13363910612504112,0.0,11616.077278779683,43.17435705762058,16.16077278779683
2025-03-27,87246.1621052,Positive,604.0,Hold,0.0,0.13363910612504112,0.0,11659.499116579364,43.70955440178654,16.594991165793633
2025-03-28,84579.06825742,Negative,-640.0,Sell Long,11303.07107881045,0.0,0.0,11303.07107881045,39.316388454268434,13.030710788104496
2025-03-29,83009.84826449,Positive,842.0,Buy Long,0.0,0.13616542271943513,0.0,11303.07107881045,36.73161107838311,13.030710788104496
2025-03-30,82184.5655166,Positive,342.0,Hold,0.0,0.13616542271943513,0.0,11190.696104580951,35.372227317619554,11.906961045809512
2025-03-31,82507.042055,Positive,346.0,Hold,0.0,0.13616542271943513,0.0,11234.606258749287,35.903402082448906,12.34606258749287
2025-04-01,85224.82938405,Negative,-66.0,Sell Long,11604.674919270905,0.0,0.0,11604.674919270905,40.38006898208458,16.046749192709047
2025-04-02,82620.33948533,Negative,-282.0,Sell Short,11604.674919270905,0.0,0.1404578459924075,0.0,36.09002259199017,-100.0
2025-04-03,83048.15599658,Positive,37.0,Close Short,11604.674919270907,0.0,0.0,11604.674919270907,36.794710554348114,16.04674919270907
2025-04-04,83862.05352433,Positive,428.0,Buy Long,0.0,0.13837813923676656,0.0,11604.674919270907,38.13534088374454,16.04674919270907
2025-04-05,83660.17948779,Positive,1533.0,Hold,0.0,0.13837813923676656,0.0,11576.739965734287,37.80281934770869,15.767399657342867
2025-04-06,78114.87306515,Positive,334.0,Hold,0.0,0.13837813923676656,0.0,10809.390781471671,28.66873830861319,8.093907814716712
2025-04-07,79237.48041963,Negative,-533.0,Sell Long,10964.735098278124,0.0,0.0,10964.735098278124,30.517867242055114,9.647350982781246
2025-04-08,76256.89592112,Positive,6.0,Buy Long,0.0,0.14378680073235642,0.0,10964.735098278124,25.608327844536856,9.647350982781246
2025-04-09,82682.91196194,Positive,771.0,Hold,0.0,0.14378680073235642,0.0,11888.711386242436,36.19309030883251,18.887113862424357
2025-04-10,79581.39286299,Negative,-84.0,Sell Long,11442.753877594116,0.0,0.0,11442.753877594116,31.084350658585258,14.427538775941157
2025-04-11,83420.64945222,Negative,-136.0,Sell Short,11442.753877594116,0.0,0.13716932141781116,0.0,37.40827185304523,-100.0
2025-04-12,85312.42132815,Positive,13.0,Close Short,11442.753877594116,0.0,0.0,11442.753877594116,40.52434809937824,14.427538775941157
2025-04-13,83569.11227043,Negative,-1013.0,Sell Short,11442.753877594116,0.0,0.13692563635910496,0.0,37.65281585286574,-100.0
2025-04-14,84579.96788937,Negative,-437.0,Hold,11442.753877594116,0.0,0.13692563635910496,-138.41204889053552,39.317870304054615,-101.38412048890535
2025-04-15,83729.2469482,Positive,55.0,Close Short,11442.753877594116,0.0,0.0,11442.753877594116,37.91658542887129,14.427538775941157
2025-04-16,84103.46782789,Positive,271.0,Buy Long,0.0,0.1360556725319657,0.0,11442.753877594114,38.53299209445329,14.42753877594114
2025-04-17,84919.84387141,Positive,213.0,Hold,0.0,0.1360556725319657,0.0,11553.826469234215,39.877704969010345,15.538264692342146
2025-04-18,84503.46917868,Negative,-112.0,Sell Long,11497.176330389542,0.0,0.0,11497.176330389542,39.19186366536355,14.971763303895422
2025-04-19,85165.6692758,Positive,22.0,Buy Long,0.0,0.13499778053944664,0.0,11497.176330389542,40.28262202751577,14.971763303895422
2025-04-20,85112.70771438,Positive,16.0,Hold,0.0,0.13499778053944664,0.0,11490.026637143937,40.19538515418587,14.900266371439375
2025-04-21,87542.68412708,Positive,14.0,Hold,0.0,0.13499778053944664,0.0,11818.068059621646,44.1979775783076,18.18068059621646
2025-04-22,93565.92048058,Positive,158.0,Hold,0.0,0.13499778053944664,0.0,12631.191599008655,54.11929206976228,26.311915990086543
2025-04-23,93707.39725178,Negative,-25.0,Sell Long,12650.290649118542,0.0,0.0,12650.290649118542,54.352328839022576,26.502906491185424
2025-04-24,93910.12555456192,Negative,-365.0,Sell Short,12650.29064911854,0.0,0.13470635434055198,-3.637978807091713e-12,54.68625749965857,-100.00000000000004
2025-04-25,94759.16395314725,Positive,259.0,Close Short,12650.29064911854,0.0,0.0,12650.29064911854,56.084770935511266,26.502906491185403
2025-04-26,94672.0900123108,Positive,167.0,Buy Long,0.0,0.13362217573810342,0.0,12650.290649118539,55.94134505939622,26.502906491185385
2025-04-27,93822.61917850187,Positive,172.0,Hold,0.0,0.13362217573810342,0.0,12536.78250807893,54.54211932776122,25.367825080789295
2025-04-28,95082.87722285224,Negative,-63.0,Sell Long,12705.180929956474,0.0,0.0,12705.180929956474,56.61798281120565,27.051809299564738
